name,statePark,recreationArea,stateForest,description,physicalAddress,county,phoneNumber,dnrWebsite,directions,hours,LatLongCoordinates,slug,distance
Amnicon Falls State park,TRUE,FALSE,FALSE,"Amnicon Falls State Park features a series of delightful waterfalls and rapids along the Amnicon River. You can view them from a covered foot bridge or 2 miles of trails along the river. The park is a place to picnic, camp, walk in the woods and learn about the Douglas Fault, the geological formation that created the falls.","4279 South County Highway U
South Range, WI 54874",Douglas County,715-398-3000,https://dnr.wisconsin.gov/topic/parks/amnicon,Amnicon Falls State Park is about 7 miles east of the Superior city limits in Douglas County.,Amnicon Falls State Park is open year-round from 6 a.m. to 11 p.m.,"46.6084,-91.8873",amnicon-falls-state-park,-1
Aztalan State Park,TRUE,FALSE,FALSE,"Aztalan State Park is a National Historic Landmark and contains one of Wisconsin's most important archaeological sites, showcasing an ancient Middle-Mississippian village that thrived between A.D. 1000 and 1300. The people who settled Aztalan built large, flat-topped pyramidal mounds and a stockade around their village. Portions of the stockade and two mounds have been reconstructed in the park.","N6200 County Rd Q
Jefferson, WI 53549",Jefferson County,608-873-9695,https://dnr.wisconsin.gov/topic/parks/aztalan,2 miles east of Lake Mills,Aztalan State Park is open year-round from 6 a.m. to 10 p.m.,"43.0687,-88.8635",aztalan-state-park,-1
Belmont Mound State Park,TRUE,FALSE,FALSE,"Belmont, from the French belle monte, means ""beautiful mountain."" The top of Belmont Mound is 1,400 feet above sea level, providing some fantastic views of the area. Wisconsin's First Capitol historic site is a half mile west of the park. The park is operated by the Belmont Lions Club.","222 S Mound Ave, Belmont, WI 53510",Lafayette County,608-523-4427,https://dnr.wisconsin.gov/topic/parks/belmont,Belmont Mound State Park is located near Belmont on N Co Rd. G in Platteville.,Belmont Mount State Park is open from 6 a.m. to 11 p.m. year-round.,"42.7672,-90.3517",belmont-mound-state-park,-1
Big Bay State Park,TRUE,FALSE,FALSE,"On the eastern side of Madeline Island, the largest of the Apostle Islands archipelago, Big Bay State Park features picturesque sandstone bluffs along 4 miles of Lake Superior shoreline. The park also has a 1-mile boardwalk, sandy swimming beach, hiking trails, large family campground and two group camps. A short ferry ride from Bayfield to Madeline Island is needed to reach the park.","2402 Hagen Rd.
La Pointe, WI 54850",Ashland County,715-747-6425,https://dnr.wisconsin.gov/topic/parks/bigbay,"Big Bay State Park is located on Madeleine Island. Madeline Island Ferry boats operate on regular schedules between Bayfield and La Pointe. During winter, ferry service from Bayfield is available until the ferry is unable to break the ice on the lake. When ferry service is no longer available, an ice road or wind-sleds and passenger vans may be available to Madeline Island.",The park is open year-round from 6 a.m. to 11 p.m.,"46.7881,-90.6734",big-bay-state-park,-1
Big Foot Beach State Park,TRUE,FALSE,FALSE,"Located on the shores of Lake Geneva, Big Foot Beach State Park offers 5 miles of hiking trails, a family campground, swimming beach and picnic and playground areas. Snowshoeing and cross-country skiing are popular in winter.","1550 S. Lake Shore Drive
Lake Geneva, WI 53147",Walworth County,262-248-2528,https://dnr.wisconsin.gov/topic/parks/bigfoot,"The park entrance is at 1550 S. Lake Shore Drive, one mile south of the city of Lake Geneva.",Big Foot Beach State Park is open year-round from 6 a.m. to 11 p.m.,"42.5663,-88.4368",big-foot-beach-state-park,-1
Black River State Forest,FALSE,FALSE,TRUE,"Two forks of the Black River flow through this 68,000-acre forest comprised of pine and oak woods under high sandstone abutments. This central Wisconsin property offers many recreational opportunities, including camping, canoeing, hunting, hiking, skiing and ATV riding. Visitors may even see elk roaming the forest. Elk we released in 2015 and 2016 after being absent from the area for over 125 years.","W10325 Hwy 12
Black River Falls, WI 54615",Jackson County,715-284-4103,https://dnr.wisconsin.gov/topic/StateForests/blackriver,The Black River State Forest is located in the heart of west-central Wisconsin near the city of Black River Falls. It is about two hours southeast of Minneapolis and two hours northwest of Madison near Interstate 94.,The forest is open year-round 6 a.m. to 11 p.m.,"44.2839,-90.8287",black-river-state-forest,-1
Blue Mound State Park,TRUE,FALSE,FALSE,"Perched atop the highest point in southern Wisconsin, Blue Mound State Park offers spectacular views and unique geological features. A swimming pool is available during summer. Over 20 miles of scenic hiking, off-road biking and cross-country ski trails, as well as a family campground, access to the Military Ridge State Trail with bike-in campsites and a rustic cabin for people with disabilities make Blue Mound a popular destination year-round.","4350 Mounds Park Rd.
Blue Mounds, WI 53517",Dane County,608-437-5711,https://dnr.wisconsin.gov/topic/parks/bluemound,"Blue Mound State Park is just north of the Village of Blue Mounds, about 25 miles west of Madison via US Highway 18/151.",Blue Mound State Park is open year-round from 6 a.m. to 11 p.m.,"43.0256,-89.8441",blue-mound-state-park,-1
Brule River State Forest,FALSE,FALSE,TRUE,"The Brule River State Forest offers exceptional recreational opportunities, including river paddling, world-class trout fishing, wildlife viewing, a 23-mile stretch of the North Country National Scenic Trail and 9 miles of Lake Superior shoreline. All 44 miles of the Bois Brule River are contained in the forest. Two campgrounds offer family campsites and access to canoe landings on the Bois Brule River.","6250 South Ranger Rd
Brule, WI 54820",Douglas County,715-372-5678,https://dnr.wisconsin.gov/topic/StateForests/bruleriver,"Brule River State Forest is a long, long linear property in northwestern Wisconsin. The property is about 30 miles north to south, containing the entire 44 miles of the Bois Brule River.",The forest is open year-round 6 a.m. to 11 p.m.,"46.538180,-91.592966",brule-river-state-forest,-1
Brunet Island State Park,TRUE,FALSE,FALSE,"Brunet Island State Park, on the Chippewa and Fisher rivers, offers more than 1,300 acres of scenic beauty and recreational opportunities. Quiet lagoons and channels are excellent for canoeing and wildlife watching. The rolling landscape in Chippewa County is a product of the most recent Ice Age. The park links to the Old Abe State Trail which runs from Cornell to Chippewa Falls.","23125 255th S.
Cornell, WI 54732",Chippewa County,715-239-6888,https://dnr.wisconsin.gov/topic/parks/brunetisland,Brunet Island State Park is located near Chippewa Falls,The park is open year-round from 6 a.m. to 11 p.m.,"45.1798,-91.1623",brunet-island-state-park,-1
Buckhorn State Park,TRUE,FALSE,FALSE,"Buckhorn State Park is a paradise for water enthusiasts, hunters, hikers, campers and nature lovers. The park and two adjacent state wildlife areas cover more than 8,000 acres on a peninsula in the Castle Rock Flowage of the Wisconsin River. Family and group campsites, unique cart-in camping, a cabin for people with disabilities, canoe trail and an accessible fishing pier, are all available at the park.","W8450 Buckhorn Park Ave.
Necedah, WI 54646",Juneau County,608-565-2789,https://dnr.wisconsin.gov/topic/parks/buckhorn,Buckhorn State Park is located near Wisconsin Dells,The park is open year-round from 6 a.m. to 11 p.m.,"43.9469,-90.0042",buckhorn-state-park,-1
Cadiz Springs St. Rec. Area,FALSE,TRUE,FALSE,"Cadiz Springs is a day use area that provides picnicking, hiking, hunting, fishing and wildlife watching opportunities. Located in southwest Wisconsin's driftless area, the landscape is uniquely different from the rest of the state. Here the bogs, marshes and many lakes are replaced by rolling hills and valleys with spring-fed streams. There is no camping at Cadiz Springs.","W5508 CTH NN
New Glarus WI 53574",Green County,608-527-2335,https://dnr.wisconsin.gov/topic/parks/cadizsprings,Cadiz Springs State Recreation Area is about 1 mile east of Browntown and 8 miles west of Monroe on State Highway 11.,Cadiz Springs is open year-round from 6 a.m. to 11 p.m.,"42.5842,-89.7672",cadiz-springs-st-rec-area,-1
Capital Springs St. Rec. Area,FALSE,TRUE,FALSE,"Just minutes from downtown Madison, Capital Springs State Recreation Area and Dane County's Lake Farm Park, offer many recreation opportunities, including camping, hiking and skiing trails, picnicking, fishing and a boat launch on Lake Waubesa. The Capital City State Trail connects Capital Springs and Lake Farm Park to the city of Madison.","3101 Lake Farm Road
Madison, WI 53711",Dane County,608-224-3730,https://dnr.wisconsin.gov/topic/parks/capsprings,"The Lussier Family Heritage Center and campground are at 3101 Lake Farm Road. The Jenni and Kyle Preserve, part of Capital Springs State Recreation Area, is at 925 Post Road.",Capital Springs is open year-round from 6 a.m. to 11 p.m.,"43.0270,-89.3450",capital-springs-st-rec-area,-1
Chippewa Flowage,TRUE,FALSE,FALSE,"The Chippewa Flowage, a 15,300-acre impoundment, is located in central Sawyer County, 15 miles east of Hayward. Dotted with about 200 undeveloped islands, it is Wisconsin's third-largest lake and boasts a highly irregular, wooded and generally undeveloped 233-mile shoreline. Boat-in to camp at one of several primitive campsites or explore the seemingly endless maze of islands, points, bays, floating bogs and channels.","10220 State Road 27
Hayward, WI 54843",Sawyer County,715-634-7433,https://dnr.wisconsin.gov/topic/lands/chippewaflowage,"The Chippewa Flowage is located in central Sawyer County in northwestern Wisconsin. Access from the south is via either State Highway 27 and 70 and Sawyer County Highway CC or from the north via Sawyer County Highway B and CC. Access points are off County Highway CC in the central portion of the property, County Highway B on the north, or via County Highway G and Dam Road on the southeast side. The property office is located on Highway 27 at the DNR Service Center in Hayward.",The property is open from 6 a.m. to 11 p.m.,"46.002210,-91.488230",chippewa-flowage,-1
Chippewa Moraine St. Rec. Area,FALSE,TRUE,FALSE,"Situated along the Ice Age National Scenic Trail, the Chippewa Moraine State Recreation Area offers unspoiled beauty with kettle lakes and many glacial features. Hiking, snowshoeing, backpack camping, fishing and bird watching are popular activities. The David R. Obey Ice Age Interpretive Center houses first-class glacial, cultural and natural history displays.","13394 County Highway M
New Auburn, WI 54757",Barron and Chippewa Counties,715-967-2800,https://dnr.wisconsin.gov/topic/parks/chipmoraine,The David R. Obey Ice Age Interpretive Center is 7 miles east of New Auburn and 1.9 miles east of State Highway 40 on County Highway M.,Chippewa Moraine State Recreation Area is open from 6 a.m. to 11 p.m. daily.,"45.220326,-91.410939",chippewa-moraine-st-rec-area,-1
Copper Culture State Park,TRUE,FALSE,FALSE,"Copper Culture State Park was the site of a prehistoric cemetery of the Old Copper Complex people who occupied the northern Midwest from ca. 4000 – 2000 BC.  Visitors can walk throughout the park and along the Oconto River, or tour the museum with artifacts end exhibits detailing the importance of the property. The42-acre property is just west of the city of Oconto. The park and museum is operated by the Oconto County Historical Society.","917 Park Ave
Oconto WI 54153",Oconto County,920-834-6206,https://dnr.wisconsin.gov/topic/parks/copperculture,"As you drive north on Highway 41 take the Highway 22 exit.  Turn left around the round-about, under the highway, then left around the second round-about to Copper Culture Way.  There are signs to help.  continue to the t-intersection and turn left.  Follow the road around to the park.","June 1st through Laber Day - 12:00 P.M. to 4:00 P.M
Open Weekends Labor Day through October 15th 12:00 P.M. to 4:00 P.M
Group Tours Available by Appointment May 1st through November 1st","44.8884,-87.8963",copper-culture-state-park,-1
Copper Falls State Park,TRUE,FALSE,FALSE,"Ancient lava flows, deep gorges and spectacular waterfalls make Copper Falls State Park one of Wisconsin's most scenic parks. Log buildings built by the Civilian Conservation Corps in the 1930s add to the park's charm.  The park offers camping, hiking, bicycling, picnicking, fishing and swimming opportunities in Loon Lake. The 1.7-mile Doughboy's Nature Trail, along the Bad River, is one of the best hikes in Wisconsin.","36764 Copper Falls Road
Mellen, WI 54546",Ashland County,715-274-5123,https://dnr.wisconsin.gov/topic/parks/copperfalls,Copper Falls is about two miles northeast of Mellen in Ashland County.,Copper Falls is open year-round from 6 a.m. to 11 p.m.,"46.3526,-90.6454",copper-falls-state-park,-1
Coulee Experimental St. Forest,FALSE,FALSE,TRUE,"The Coulee Experimental State Forest is a unique property in Wisconsin. This 3,000-acre forest is used for long-term forest watershed research studies to develop land management practices. The property is managed for forest production and wildlife habitat, and offers recreation opportunities for hunting, cross-country skiing, hiking and horseback riding. Coulee accurately describes the area, as the forest has many deep gulches and ravines.","2855-2819 Russlan Coulee Rd, La Crosse, WI 54601",La Crosse County,608-785-9007,https://dnr.wisconsin.gov/topic/StateForests/coulee,"The Coulee Experimental State Forest is located approximately 15 miles east of La Crosse in La Crosse County. The forest has two main parking areas. To access the eastern parking lot and ski trailhead, from Bangor take Highway 162 south to County Road II. Turn right on the forest road at the top of the hill. The parking area is at the end of the road. To reach the western side parking lot, take Highway 33 east from La Crosse, then north on County Road M. Turn right on Russlan Coulee Road, just east of Barre Mills. Parking areas are at the end of the road.",The property is open from 6 a.m. to 11 p.m.,"43.8478,-91.0420",coulee-experimental-st-forest,-1
Council Grounds State Park,TRUE,FALSE,FALSE,"Located along the beautiful Wisconsin River near the site of Native American encampments, Council Grounds State Park is a favorite for water enthusiasts. The park offers many recreational opportunities including family and group campsites, wooded trails, a beach area and an accessible fishing pier. A boat landing offers access to Lake Alexander and the Wisconsin River.","N1895 Council Grounds Dr
Merrill, WI 54452",Lincoln County,715-536-8773,https://dnr.wisconsin.gov/topic/parks/councilgrounds,Council Grounds is conveniently located just west of Merrill.,The park is open year-round from 6 a.m. to 11 p.m.,"45.1875,-89.7342",council-grounds-state-park,-1
Cross Plains State Park,TRUE,FALSE,FALSE,"The Ice Age Complex at Cross Plains is part of the National Ice Age Scientific Reserve. Located just west of Madison near the village of Cross Plains, this area contains an outstanding collection of glacial landforms, a gorge carved by meltwater and expansive views of both driftless and glaciated terrain.","8075 Old Sauk Pass Rd
Cross Plains, WI 53528",Dane County,608-831-3005,https://dnr.wisconsin.gov/topic/parks/crossplains,There is a gravel parking lot on along the south side of Old Sauk Pass Road about 100 yards east of the main access area (8075 Old Sauk Pass Road). Visitors should park in this parking lot. Vehicles must not block the gate at the main access area. Parking is also available at the end of North Birch Trail where a short trail provides access to the DNR land south of the road. A small parking lot off of County Highway S provides access to the Fish and Wildlife property.,Open 6 a.m. to 11 p.m. year-round.,"43.0821,-89.6112",cross-plains-state-park,-1
Devil’s Lake State Park,TRUE,FALSE,FALSE,"Situated along the Ice Age National Scenic Trail, Devil's Lake State Park offers magnificent views from 500-foot quartzite bluffs overlooking a 360-acre lake. Visitors enjoy nearly 30 miles of hiking trails, lakeshore picnic areas, swimming beaches, paddling opportunities, and year-round naturalist programs.","S5975 Park Rd.
Baraboo, WI 53913-9299",Sauk County,608-356-8301,https://dnr.wisconsin.gov/topic/parks/devilslake,"The main entrance to Devil's Lake State Park is on the north shore of the lake off County Highway DL. The Visitor Center, Chateau, Nature Center, picnic area, shelters and beach are on the north shore. Quartzite, Northern Lights and Ice Age campgrounds are all accessed by the north shore entrance.",Open 6 a.m. to 11 p.m. year-round.,"43.428405,-89.732272",devils-lake-state-park,-1
Fischer Creek St. Rec. Area,FALSE,TRUE,FALSE,"Fischer Creek has about one mile of Lake Michigan shoreline, scenic wooded bluffs, grasslands and wetlands. It's a place for hiking, picnicking, wildlife viewing and relaxing on the beach. Much of the Lake Michigan shoreline consists of scenic bluffs that rise up to 40 feet above the water level. The property is operated by Manitowoc County.","3500 State Highway 310, Manitowoc, WI 54220",Manitowoc County,920-683-4189,https://dnr.wisconsin.gov/topic/parks/fischercreek,Take Highway LS South from Manitowoc approximately 8 miles. Driveways to the East.,Open sunrise to sunset year-round.,"43.9398,-87.7215",fischer-creek-st-rec-area,-1
Flambeau River State Forest,FALSE,FALSE,TRUE,"The Flambeau River State Forest provides excellent backcountry opportunities, including wooded hiking trails, ATV and snowmobile trails, family campgrounds and rustic river sites, hunting and fishing. Canoeing is the most popular activity at the forest. Different portions of the river offer varying degrees of difficulty. The North Fork is ideal for the novice, while the South Fork is for the advanced paddler. Nine landings offer access to forest lakes and the Flambeau River.","W1613 County Rd W, Winter, WI 54896",Sawyer County,715-332-5271,https://dnr.wisconsin.gov/topic/StateForests/flambeauriver,"The Flambeau River State Forest is located in north central Wisconsin in Sawyer, Price and Rusk counties. It surrounds 75 miles of the North and South Forks of the Flambeau River, with its headquarters located in the town of Winter.",The property is open from 6 a.m. to 11 p.m.,"45.769926,-90.760837",flambeau-river-state-forest,-1
Governor Dodge State Park,TRUE,FALSE,FALSE,"Governor Dodge State Park is one of the state's largest parks, with over 5,000 acres of steep hills, bluffs and deep valleys plus two lakes and a waterfall. Located in Wisconsin's scenic driftless area, Governor Dodge offers camping, picnicking, hiking, canoeing, biking, hunting, fishing, off-road biking, cross-country skiing and horseback riding opportunities.","4175 State Highway 23 N
Dodgeville, WI 53533",Iowa County,608-935-2315,https://dnr.wisconsin.gov/topic/parks/govdodge,Governor Dodge State Park's entrance is about 3 miles north of Highway 18 in Dodgeville.,Governor Dodge State Park is open year-round from 6 a.m. to 11 p.m.,"43.0184,-90.1395",governor-dodge-state-park,-1
Governor Knowles State Forest,FALSE,FALSE,TRUE,"This 55-mile-long forest in northwestern Wisconsin parallels the St. Croix National Scenic Riverway and offers camping, paddling, hiking, horseback riding, biking, hunting, fishing, cross-country skiing and snowmobiling opportunities. Three campgrounds (St. Croix, Trade River Equestrian and Sioux Portage Group) and nine primitive backpack campsites are found within 32,500 wooded acres.","325 State Road 70, Grantsburg, WI 54840",Burnett County,715-463-2898,https://dnr.wisconsin.gov/topic/StateForests/govknowles,"Governor Knowles State Forest is 55 miles, encompassing 32,500 acres, and acting as an extended resource protection zone for the St. Croix National Scenic Riverway. The forest extends from Danbury to Wolf Creek along the St. Croix River.",The forest is open year-round 6 a.m. to 11 p.m.,"45.772948,-92.688560",governor-knowles-state-forest,-1
Governor Nelson State Park,TRUE,FALSE,FALSE,"Located on 10,000-acre Lake Mendota, recreation and nature mingle within sight of the State Capitol. Governor Nelson is a day use park offering a sand beach, boat launch, fish cleaning facility, picnic areas and playground equipment, prairie restorations and over 8 miles of trails. Native American effigy mounds can be seen on the Woodland Trail.","5140 Cty Hwy M
Waunakee, WI 53597",Dane County,608-831-3005,https://dnr.wisconsin.gov/topic/parks/govnelson,"The entrance to Governor Nelson State Park is on the southeast side of County Highway M, about 2 miles west of State Highway 113 and 4.7 miles east of U.S. Highway 12.",Governor Nelson State Park is open year-round from 6 a.m. to 11 p.m.,"43.1374,-89.4399",governor-nelson-state-park,-1
Governor Thompson State Park,TRUE,FALSE,FALSE,"With more than 2,800 acres of woods, a family campground, picnic and beach area on Woods Lake, hiking and skiing trails, and 6 miles of shoreline on Caldron Falls Flowage, visitors will find an atmosphere perfect for relaxation and recreation. The park is adjacent to the Peshtigo River, a popular free-flowing river for fly-fishing and canoeing.","N10008 Paust Lane
Crivitz, WI 54114",Marinette County,715-757-3979,https://dnr.wisconsin.gov/topic/parks/govthompson,Governor Thompson State Park is approximately 15 miles northwest of Crivitz.,Governor Thompson State Park is open year-round from 6 a.m. to 11 p.m.,"45.3233,-88.2218",governor-thompson-state-park,-1
Harrington Beach State Park,TRUE,FALSE,FALSE,"Harrington Beach State Park has more than a mile of beach along Lake Michigan. This 715-acre park also features a white cedar and hardwood swamp, old field grasslands with restored wetland ponds and a scenic limestone quarry lake. Camp, sunbathe, picnic, hike, bird watch, fish or practice astronomy at one of the observatory's monthly public viewings.","531 County Road D
Belgium, WI 53004",Ozaukee County,262-285-3015,https://dnr.wisconsin.gov/topic/parks/harringtonbeach,"Harrington Beach is about 35 miles north of Milwaukee and 21 miles south of Sheboygan, Wisconsin, via Interstate Highway 43. From I-43, take exit 107 (Belgium/Lake Church) and go east on County Highway D about 1 mile. The park entrance will be on your right.",Harrington Beach State Park is open year-round from 6 a.m. to 11 p.m.,"43.4974,-87.8109",Harrington-Beach-State-Park,-1
Hartman Creek State Park,TRUE,FALSE,FALSE,"Located on the beautiful Chain O' Lakes, Hartman Creek State Park is a quiet and friendly, natural gem and a popular destination in central Wisconsin. The park offers camping, boating, swimming, horseback riding and mountain biking opportunities, the historic Hellestad House log cabin, and four picnic areas including Whispering Pines along crystal-clear Marl Lake.","N2480 Hartman Creek Rd.
Waupaca, WI 54981-9727",Waupaca County,715-258-2372,https://dnr.wisconsin.gov/topic/parks/hartmancreek,"Hartman Creek is about 1 hour and 15 minutes from Green Bay and about two hours north of Madison. It is west of Waupaca on Hartman Creek Road, south of State Highway 54 and north of State Highway 22. The park straddles the Waupaca-Portage county line. ",The park is open year-round from 6 a.m. to 11 p.m.,"44.3293,-89.2139",Hartman-Creek-State-Park,-1
Havenwoods State Forest,FALSE,FALSE,TRUE,"Havenwoods State Forest is Wisconsin’s only urban state forest, featuring 237 acres of grasslands, woods and wetlands in the city of Milwaukee. Hike, run, bike and watch wildlife on over 6 miles of trails. Explore the nature center, the forest's ponds, stroll over the 120-foot bridge or find a bench to sit and relax outdoors.","6141 N. Hopkins St.
Milwaukee, WI 53209",Milwaukee County,414-527-0232,https://dnr.wisconsin.gov/topic/parks/havenwoods,"Havenwoods State Forest is on the north side of Milwaukee, one block west of Sherman Boulevard on Douglas Avenue. At the park entrance, continue up the hill to the parking lot and nature center.",The forest is open year-round from 6 a.m. to 8 p.m.,"43.1288,-87.9697",Havenwoods-State-Forest,-1
Heritage Hill State Park,TRUE,FALSE,FALSE,"Experience ""living history"" at Heritage Hill State Park, a unique outdoor museum in Green Bay. The park features 24 structures from Wisconsin's past — the fur trade in 1762, Fort Howard in 1836, small towns in 1871 and ethnic farms in 1905.  The park and museum is operated by the Heritage Hill Corporation. A per-person admission fee to the park is charged. Wisconsin state park vehicle admission stickers are not sold at Heritage Hill.","2640 S Webster Ave
Green Bay, WI 54301",Brown County,920-448-5150,https://dnr.wisconsin.gov/topic/parks/heritagehill,"Our main entrance is through the Education Center, and gate next to the Education Center, off of Webster Ave.",Open Tuesday – Sunday from 8am – 3pm. Closed on Mondays.,"44.4731,-88.0300",Heritage-Hill-State-Park,-1
High Cliff State Park,TRUE,FALSE,FALSE,"High Cliff State Park is the only state-owned recreational area on Lake Winnebago, Wisconsin's largest lake. The park gets its name from the limestone cliff of the Niagara Escarpment, which parallels the eastern shore of Lake Winnebago. The magnificent 12-foot statue of Winnebago Indian Chief Red Bird, standing high on a huge granite rock, overlooks the lake and is a popular destination in the park.","N7630 State Park Rd
Sherwood WI 54169",Calumet County,920-989-1106,https://dnr.wisconsin.gov/topic/parks/highcliff,"High Cliff State Park is on the northeast corner of Lake Winnebago in the town of Sherwood, Wisconsin.",The park is open year-round from 6 a.m. to 11 p.m.,"44.1670,-88.2911",High-Cliff-State-Park,-1
Hoffman Hills St. Rec. Area,FALSE,TRUE,FALSE,"Hoffman Hills State Recreation Area offers 700 acres of preserved and restored wooded hills, wetlands and prairie traversed with hiking and cross-country ski trails. A 60-foot-high observation tower crowns one of the highest points in Dunn County, offering spectacular views of the surrounding countryside, especially in autumn.","740th Street
Menomonie, WI",Dunn County,715-232-1242,https://dnr.wisconsin.gov/topic/parks/hoffmanhills,"Hoffman Hills State Recreation Area is located on 740th Street, Menomonie, WI.",Hoffman Hills is open year-round from 7 a.m. to 9 p.m.,"44.9440,-91.7831",Hoffman-Hills-St-Rec-Area,-1
Interstate Park,TRUE,FALSE,FALSE,"Interstate is Wisconsin's oldest state park, established in 1900. Located along the picturesque St. Croix National Scenic Riverway, the park provides scenic views of the river and the steep-sided gorge known as the Dalles of the St. Croix. The Ice Age Interpretive Center features a film, photographs, murals and information about Wisconsin's glacial history.","1275 State Highway 35
St. Croix Falls, WI 54024",Polk County,715-483-3747,https://dnr.wisconsin.gov/topic/parks/interstate,"Interstate Park is in St. Croix Falls, on Wisconsin Highway 35 just 1/2 mile south of U.S. Highway 8.",Interstate Park is open year-round from 6 a.m. to 11 p.m.,"45.3954,-92.6405",Interstate-Park,-1
Kettle Moraine SF – Lapham Peak Unit,FALSE,FALSE,TRUE,"The Lapham Peak Unit of the Kettle Moraine State Forest was formed 10,000 years ago when a glacier covered much of Wisconsin. Lapham Peak's glaciated topography provides excellent hiking, backpacking and cross-country skiing on lighted trails. Climb a 45-foot observation tower atop the highest point in Waukesha County (1,233 feet above sea level).","W329 N846 County Rd C
Delafield, WI 53018",Waukesha County,262-646-3025,https://dnr.wisconsin.gov/topic/parks/laphampeak,"Lapham Peak is 25 miles west of Milwaukee and 1 mile south of Interstate 94 near Delafield, on County Highway C.",The forest is open from 6 a.m. to 9 p.m. year-round.,"43.0420,-88.4029",Kettle-Moraine-SF-Lapham-Peak-Unit,-1
Kettle Moraine SF – Loew Lake Unit,FALSE,FALSE,TRUE,"The Loew Lake Unit of the Kettle Moraine State Forest is situated along Wisconsin's Ice Age National Scenic Trail. Hiking, horseback riding, fishing and hunting opportunities are available in the forest. Loew Lake is a day-use property and there is no overnight camping.","989 Emarald Dr, Hartford, WI 53027",Dodge County,262-670-3400,https://dnr.wisconsin.gov/topic/parks/loewlake,"The Loew Lake Unit of the Kettle Moraine State Forest is near the town of Monches, just north of the Washington/Waukesha county line. The main parking lot and trail head is on Emerald Drive, about 2 miles east of County Highway K in southern Washington County.",The forest is open year-round from 6 a.m. to 11 p.m.,"43.2249,-88.3160",Kettle-Moraine-SF-Loew-Lake-Unit,-1
Kettle Moraine SF – Mukwonago River Unit,FALSE,FALSE,TRUE,"The Mukwonago River Unit of the Kettle Moraine State Forest is in Waukesha and Walworth counties. The 970-acre, former Rainbow Springs property, is situated in the Mukwonago River watershed and is an area known for its outstanding resource waters, varied habitats and biological diversity. The forest is adjacent to Lulu Lake State Natural Area.","Waukesha County Highway LO, Mukwonago, WI 53149",Waukesha County,262-594-6204,https://dnr.wisconsin.gov/topic/parks/mukwonago,"The property is about 5 miles west of the town of Mukwonago and about 3 miles north of the town of East Troy. There is a parking area on Waukesha County Highway LO. Visitors may park their vehicles in this area and walk into the property. Visitors should be aware of closed areas, active work zones and potential hazards from construction debris and demolished structures. There are parking lots on County Highway J and County Highway E in Walworth County. Visitors may park their vehicles in these areas and walk into the property. ",The Mukwonago River Unit of the Kettle Moraine State Forest is open from 6 a.m. to 11 p.m. year-round.,"42.8567,-88.4178",Kettle-Moraine-SF-Mukwonago-River-Unit,-1
Kettle Moraine SF – Northern Unit,FALSE,FALSE,TRUE,"The first and largest unit of the Kettle Moraine State Forest offers year-round recreation among world-famous glacial landforms. Visitors can swim at three beaches, enjoy challenging mountain biking trails or groomed ski trails, hike the Ice Age Trail, take in a nature program, or just escape among 30,000 acres of rolling, wooded hills and prairies. The Ice Age Visitor Center is open all year. The forest has over 350 campsites, including family, group, equestrian and backpack opportunities.","N1765 Co Rd G, Campbellsport, WI 53010",Fond du Lac County,262-626-2116,https://dnr.wisconsin.gov/topic/parks/kmn,The Northern Unit of the Kettle Moraine State Forest is a linear property spread out over 22 miles between Glenbeulah and West Bend.,The forest is open from 6 a.m. to 11 p.m. daily.,"43.6040,-88.1874",Kettle-Moraine-SF-Northern-Unit,-1
Kettle Moraine SF – Pike Lake Unit,FALSE,FALSE,TRUE,"The Pike Lake Unit of the Kettle Moraine State Forest is in the middle of the Kettle Moraine, a strip of glacial landforms which extends through southeast Wisconsin. The forest is named after the 522-acre, spring-fed kettle lake. Powder Hill, a large glacial kame, provides terrific views of the landscape. Visitors can enjoy camping, swimming, hiking, fishing, picnicking and more.","3544 Kettle Moraine Road
Hartford, WI 53027",Dodge County,262-670-3403,https://dnr.wisconsin.gov/topic/parks/pikelake,"Pike Lake is on State Highway 60 between Hartford and Slinger. It is about 25 miles north of Milwaukee, 60 miles east of Madison and 40 miles south of Fond du Lac. The forest entrance is about 3 miles west of U.S. Highway 41 and 7 miles west of U.S. Highway 45.",The forest is open year-round from 6 a.m. to 11 p.m.,"43.3196,-88.3195",Kettle-Moraine-SF-Pike-Lake-Unit,-1
Kettle Moraine SF – Southern Unit,FALSE,FALSE,TRUE,"Covering more than 22,000 acres of forested glacial hills, kettle lakes and prairies, the Southern Unit of the Kettle Moraine State Forest is interlaced with more than 100 miles of mountain biking, horseback riding and hiking and nature trails. Paddling, boating, swimming, fishing, hunting and winter sport opportunities are all available. There are three family campgrounds, a horseriders camp, two group camps and remote backpack shelters on the Ice Age Trail.","S91 W39092 Highway 59
Eagle, WI 53119",Waukesha County,262-594-6200,https://dnr.wisconsin.gov/topic/parks/kms,The Kettle Moraine State Forest—Southern Unit is 61 miles east of Madison and 37 miles southwest of Milwaukee.,The state forest is open from 6 a.m. to 11 p.m. daily.,"42.8766,-88.5252",Kettle-Moraine-SF-Southern-Unit,-1
Kinnickinnic State Park,TRUE,FALSE,FALSE,"Located where the St. Croix and Kinnickinnic rivers meet, Kinnickinnic State Park offers experiences in two types of worlds. Enjoy the quiet and solitude of the Kinnickinnic River Valley and the many popular water-based recreational pursuits on the St. Croix River. A large sandy delta is found at the junction of the rivers. Visitors can also explore 10 miles of hiking trails.","W11983 820th Ave.
River Falls, WI 54022",St. Croix County,715-425-1129,https://dnr.wisconsin.gov/topic/parks/kinnickinnic,"From Interstate Highway 94 in Hudson, go south on County Highway F. Go about 7.7 miles to Cedar View Road (820th Avenue). Turn right and go about .2 mile; the park entrance will be on your left.",The park is open year-round from 6 a.m. to 11 p.m.,"44.8373,-92.7353",Kinnickinnic-State-Park,-1
Kohler-Andrae State Park,TRUE,FALSE,FALSE,"Named for John Michael Kohler and Terry Andrae state parks, Kohler-Andrae is the home of majestic sand dunes, miles of golden beach, shimmering blue Lake Michigan water, whispering pines, an abundance of wildlife and recreational activities. Kohler-Andrae State Park is one of the last natural preserves along the Lake Michigan shore and is open for everyone to explore and enjoy.","1020 Beach Park Lane
Sheboygan, WI 53081",Sheboygan County,920-451-4080,https://dnr.wisconsin.gov/topic/parks/kohlerandrae,"Kohler-Andrae is about two miles south of Sheboygan on County Highway V. From Interstate Highway 43, take exit 120. Go east on Highway V about two miles. Where Highway V turns left (north), go straight ahead on Beach Park Lane, the park entrance road.",The park is open year-round from 6 a.m. to 11 p.m.,"43.6722,-87.7179",Kohler-Andrae-State-Park,-1
Lake Kegonsa State Park,TRUE,FALSE,FALSE,"Lake Kegonsa State Park offers a variety of recreational activities set along a 3,200-acre lake. A swimming beach, picnic areas with reservable shelters, and a boat launch are within 1 mile of the campground. Fishing opportunities are excellent, while hiking trails weave among oak woodlands, prairies and wetlands.","2405 Door Creek Road
Stoughton, WI 53589",Dane County,608-873-9695,https://dnr.wisconsin.gov/topic/parks/lakekegonsa,"Exit I-90 at Exit 147, Hwy N. Go south on Hwy N, then turn west on Koshkonong Road, turn south on Door Creek Road. It is approximately 4 miles from the freeway exit to the park. There are signs to direct you at every intersection.",The park is open year-round from 6 a.m. to 11 p.m.,"42.9791,-89.2334",Lake-Kegonsa-State-Park,-1
Lake Wissota State Park,TRUE,FALSE,FALSE,"Lake Wissota State Park, northeast of Chippewa Falls, offers secluded campsites, hiking, biking and horseback riding trails, picnic and playground areas and a swimming beach on a 6,300-acre man-made lake. Boating, canoeing, kayaking and water skiing are popular summer activities on the lake.","18127 County Highway O
Chippewa Falls, WI 54729",Chippewa County,715-382-4574,https://dnr.wisconsin.gov/topic/parks/lakewissota,Lake Wissota State Park is located approximately 7 miles northeast Chippewa Falls.,The park is open year-round from 6 a.m. to 11 p.m.,"44.9798,-91.3109",Lake-Wissota-State-Park,-1
Lakeshore State Park,TRUE,FALSE,FALSE,"In the heart of downtown Milwaukee, Lakeshore State Park is adjacent to the Henry W. Maier Festival Grounds and Discovery World at Pier Wisconsin. The park is an urban oasis offering a small beach and accessible paved trails that link to Milwaukee's other lakefront parks and the Hank Aaron State Trail. The park offers great views of the city and Lake Michigan and has a reservable, overnight boat slip.","500 N Harbor Dr
Milwaukee WI 53202",Milwaukee County,414-274-4281,https://dnr.wisconsin.gov/topic/parks/lakeshore,Lakeshore State Park is located off the shore of Lake Michigan in downtown Milwaukee.,Lakeshore State Park is open year-round from 6 a.m. to 10 p.m.,"43.0282,-87.8960",Lakeshore-State-Park,-1
Lost Dauphin State Park,TRUE,FALSE,FALSE,Lost Dauphin State Park is a small 19-acre gem along the Fox River just south of the city of De Pere in Brown County. The park offers rolling hiking trails and picnicking opportunities. Lost Dauphin State Park is operated locally by the Town of Lawrence.,"2926 Lost Dauphin Dr, DePere, WI 54115",Brown County,888-936-7463,https://dnr.wisconsin.gov/topic/parks/lostdauphin,Roughly four miles south of the city of De Pere,Open sunrise to sunset year-round.,"44.3878,-88.1229",Lost-Dauphin-State-Park,-1
Lower Wisconsin State Riverway,TRUE,FALSE,FALSE,"The Lower Wisconsin is the longest free-flowing stretch of river in the Midwest. This 45,000-acre property extends along 92 miles of the river from Prairie du Sac to the confluence with the Mississippi River. A fantastically diverse resource with a wide variety of wildlife, fisheries, historical and archaeological sites, and scenic beauty found nowhere else. Abundant sand bars and islands are a popular destination for boat-in campers.","5808 County Highway C
Spring Green, WI 53588",Sauk County,608-588-7723,https://dnr.wisconsin.gov/topic/lands/lowerwisconsin,"The Wisconsin River flows unimpeded by any man-made structures for 92.3 miles from the dam at Prairie du Sac downstream to its mouth at the Mississippi River. Approximately 95,000 acres of land on both sides of the river have been designated as the Lower Wisconsin State Riverway.",The property is open from 6 a.m. to 11 p.m.,"43.146111,-90.048058",Lower-Wisconsin-State-Riverway,-1
MacKenzie Center,TRUE,FALSE,FALSE,"The MacKenzie Center, just 25 miles north of Madison, is one of the most diverse education centers in Wisconsin. Located on a 285-acre property near Poynette in Columbia County, the MacKenzie Center has interpretive trails, exhibits, museums and programming available for school and youth groups. The MacKenzie Center is a wonderful place to visit and learn about the natural world.  ","W7303 County Hwy CS
Poynette, WI 53955",Columbia County,608-635-8105,https://dnr.wisconsin.gov/education/mackenzie,The entrance to the MacKenzie Center is located at the intersection of County Road CS and Park Road just outside Poynette. ,"Grounds open daily, dawn to dusk","43.3995,-89.3632",MacKenzie-Center,-1
Menominee River St. Rec. Area,FALSE,TRUE,FALSE,"Menominee River State Recreation Area straddles the banks of the scenic Menominee River for several miles in northeast Wisconsin. Canoe the river among towering pines, rock outcrops and falls or enjoy the other areas of this quiet-use property for primitive camping, hiking, fishing and hunting opportunities.","N9012 Park Place Dr, Marinette, WI 54143",Marinette County,715-757-3979,https://dnr.wisconsin.gov/topic/parks/menominee,The property is located in northeast Marinette County along several miles of the Menominee River. No single road traverses the entire property. The recreation area has many maintained access roads with parking areas that connect to town roads. These roads are not plowed in the winter and may be difficult to travel during wet periods of the year.,The Menominee River State Recreation Area is open year-round from 6 a.m. to 11 p.m.,"45.6563,-87.8239",Menominee-River-St-Rec-Area,-1
Merrick State Park,TRUE,FALSE,FALSE,"Merrick State Park is located on the beautiful backwaters of the Mississippi River. All island campground sites and some sites in the south campground have river access for mooring watercraft or fishing directly from the sites. There are 3 miles of hiking trails, and two boat landings provide easy launching for boats of all sizes.","S2965 State Road 35
Fountain City, WI 54629",Buffalo County,608-687-4936,https://dnr.wisconsin.gov/topic/parks/merrick,Go about 2.8 miles north from Fountain City or 5.5 miles south from Cochrane on State Highway 35. The park entrance is on the west side of the highway.,The park is open year-round from 6 a.m. to 11 p.m.,"44.1582,-91.7596",Merrick-State-Park,-1
Mill Bluff State Park,TRUE,FALSE,FALSE,"Part of the Ice Age National Scientific Reserve, Mill Bluff State Park offers a spectacular view of picturesque rock formations. Campsites, picnic areas, a shelter, hiking trails, and a swimming pond can all be found at this park just outside Camp Douglas.","15819 Funnel Rd
Camp Douglas, WI 54618",Juneau County,608-337-4775,https://dnr.wisconsin.gov/topic/parks/millbluff,Mill Bluff is on both sides of Interstate 90-94. Take the Oakdale exit #48 or Camp Douglas exit #55 to U.S. Highway 12/16 and follow signs to the park.,The park is open year-round from 6 a.m. to 11 p.m. ,"43.9506,-90.3194",Mill-Bluff-State-Park,-1
Mirror Lake State Park,TRUE,FALSE,FALSE,"Mirror Lake State Park is named for its centerpiece, a lake which often is so calm that not a ripple marks its surface. The lake reflects a wooded shoreline with cliffs up to 50 feet high, a swimming beach and wetlands that are home to a variety of wildlife. The park's 2,200 acres include several picnic areas, wooded campsites, summer rentals and a cabin for people with disabilities.","E10320 Fern Dell Rd.
Baraboo, WI, 53913",Sauk County,608-254-2333,https://dnr.wisconsin.gov/topic/parks/mirrorlake,Mirror Lake State Park is conveniently located just off Interstate 90-94. Exit I-90-94 to U.S. Highway 12 south of Wisconsin Dells.,Mirror Lake State Park is open from 6 a.m. to 11 p.m. year-round.,"43.5615,-89.8081",Mirror-Lake-State-Park,-1
Natural Bridge State Park,TRUE,FALSE,FALSE,"Natural Bridge State Park has a natural sandstone arch created by the eroding effects of wind and water. The bridge opening is 25 feet high by 35 feet wide. This weathered formation was missed by the glaciers during the last Ice Age. Near the bridge is a rock shelter used by native people when the glacier was melting, 11,000 years ago. The park is for day use only. ","E7792 County Road C
North Freedom WI 53951",Sauk County,608-356-8301,https://dnr.wisconsin.gov/topic/parks/naturalbridge,Natural Bridge State Park is about 0.75 miles east of the village of Leland on County Highway C in Sauk County.,The park is open year-round from 6 a.m. to 11 p.m.,"43.3439,-89.9311",Natural-Bridge-State-Park,-1
Nelson Dewey State Park,TRUE,FALSE,FALSE,"Nelson Dewey State Park overlooks the Mississippi River from a 500-foot bluff. At this park combine your interest in history with your enjoyment of the outdoors. Camp, hike or picnic high above the Mighty Mississippi. Named for Wisconsin’s first governor, Nelson Dewey, the park offers a rich history, featuring the Dewey home and the nearby Stonefield Historic site.","12190 Co Hwy VV
Cassville, WI 53806",Grant County,608-725-5374,https://dnr.wisconsin.gov/topic/parks/nelsondewey,"From State Highway 33 in Cassville, take County Highway V V northwest about a mile. The park entrance will be on your right and Stonefield Village Historic Site on your left.",The park is open year-round from 6 a.m. to 11 p.m.,"42.7316,-91.0175",Nelson-Dewey-State-Park,-1
New Glarus Woods State Park,TRUE,FALSE,FALSE,"New Glarus Woods State Park is a 435-acre state park offering camping, hiking, picnicking and snowshoeing just south of the city of New Glarus. The park has direct access to the Sugar River State Trail, a 24-mile linear trail surfaced with compressed limestone screenings, for bicycling, hiking and snowmobiling.","W5508 CTH NN
New Glarus, WI 53574",Green County,608-527-2335,https://dnr.wisconsin.gov/topic/parks/ngwoods,"From the Village of New Glarus, take State Highway 69 south about a mile to County Highway NN. Turn west on NN and go about 1/10 mile to the park entrance.",The park is open year-round from 6 a.m. to 11 p.m.,"42.7869,-89.6306",New-Glarus-Woods-State-Park,-1
Newport State Park,TRUE,FALSE,FALSE,"Newport's wilderness experience offers over 2,300 acres of forest on 11 miles of Lake Michigan shoreline, 30 miles of hiking trails, and backpack camping as a quiet alternative to bustling Door County. At the far end of the Door Peninsula, Newport is also designated as a Dark Sky Park, a perfect destination for stargazing. ","475 County Highway NP
Ellison Bay, WI 54210",Door County,920-854-2500,https://dnr.wisconsin.gov/topic/parks/newport,Newport State Park is near the tip of the Door County Peninsula off State Hwy. 42. Traveling north from Ellison Bay visitors should turn right/east off Hwy. 42. ,Newport State Park is open year-round from 6 a.m. to 11 p.m.,"45.2346,-86.9979",Newport-State-Park,-1
Northern Highland American Legion SF,FALSE,FALSE,TRUE,"With over 236,000 acres and more than 900 lakes within its boundaries, the Northern Highland - American Legion State Forest provides wonderfully scenic opportunities for a variety of outdoor recreation from wild and remote campsites accessible only by boat, to developed family and group campgrounds, beaches, boat launches and trails. The forest is spread across three counties near the towns of Woodruff, Minocqua and Boulder Junction. There are two main contact stations at Crystal and Clear lakes.","8282 Woodruff Road
Woodruff, WI 54568",Oneida County,715-356-3668,https://dnr.wisconsin.gov/topic/StateForests/nhal,"The Northern Highland-American Legion State Forest is located in Vilas, Oneida and Iron counties, in heart of the Northwoods near the cities of Woodruff and Minocqua. It is approximately four hours northeast of Minneapolis and four hours north of Madison. There are two main Visitor Contact Stations in the forest at Clear and Crystal lakes.",The forest is open from 6 a.m. to 11 p.m.,"45.8648,-89.6509",Northern-Highland-American-Legion-SF,-1
Pattison State Park,TRUE,FALSE,FALSE,"Pattison State Park features the highest waterfalls in Wisconsin and the fourth highest waterfall east of the Rocky Mountains. Big Manitou Falls is 165 feet high and Twin Little Manitou Falls is 31 feet high. This 1,400-acre park also has a lake with a beach, a nature center, camping and scenic hiking trails. ","6294 S State Rd 35
Superior WI 54880",Douglas County,715-399-3111,https://dnr.wisconsin.gov/topic/parks/pattison,"From Belknap Street (US Highway 2/53) in downtown Superior, go south on Tower Avenue (State Highway 35) 13 miles. The park's main entrance will be on your left.",Pattison State Park is open year-round from 6 a.m. to 11 p.m.,"46.5371,-92.1192",Pattison-State-Park,-1
Peninsula State Park,TRUE,FALSE,FALSE,"Considered Wisconsin's most complete park, Peninsula State Park offers over 460 campsites, three group camps, a summer theater, an 18-hole golf course, sand beach, bike trails, a lighthouse and eight miles of Door County shoreline. The rollicking waves that skip towards Peninsula's sky high bluffs are part of the Niagara Escarpment.","9462 Shore Rd.
Fish Creek, WI 54212",Door County,920-868-3258,https://dnr.wisconsin.gov/topic/parks/peninsula,"From Green Bay, take State Highway 57 north toward Sturgeon Bay. From Manitowoc, Take State Highway 42 north toward Sturgeon Bay. Before you get to Sturgeon Bay, Highways 57 and 42 join. Stay on State Highway 42 north to Fish Creek, where the highway turns east (right). Go 0.5 mile farther on Highway 42; the park entrance is on the north (left).",Open 6 a.m. to 11 p.m. year-round.,"45.1271,-87.2364",Peninsula-State-Park,-1
Perrot State Park,TRUE,FALSE,FALSE,"Perrot State Park's 1,200 acres are nestled among 500-foot bluffs where the Trempealeau and Mississippi rivers meet. Enjoy breathtaking river views from the hiking trails in this park, known for its natural, archaeological, and historical resources. There is direct access for bicyclists from the campground to the 24-mile Great River State Trail. There is also a marked canoe trail in Trempealeau Bay. Canoes can be rented at the park in season.","W26247 Sullivan Road
Trempealeau, WI 54661",Trempealeau County,608-534-6409,https://dnr.wisconsin.gov/topic/parks/perrot,"From the east or south, take US Highway 53 / State Highway 35 north from La Crosse. North of Holmen, turn left on Highway 35 where it splits from Highway 53. Take Highway 35 about 8 miles to Trempealeau.

In Trempealeau, Highway 35 becomes Main Street. Take Main Street south to First Street and turn right (west). First street becomes South Park Road in the park. Follow the signs to the park's various facilities and locations.",The park is open year-round from 6 a.m. to 11 p.m.,"44.0157,-91.4745",Perrot-State-Park,-1
Peshtigo River State Forest,FALSE,FALSE,TRUE,"Governor Earl Peshtigo River State Forest is a long, linear state forest in northeast Wisconsin bordering some of the most beautiful and exciting sections of the Peshtigo River. Anglers know the river's free-flowing portion for its excellent fly-fishing; paddlers brave the Midwest's longest continuous whitewater rapids; and boaters can access more than 3,000 acres of flowage from 15 boat landings. The forest offers a family campground and several remote boat-in campsites along the river.","N10008 Paust Lane
Crivitz, WI 54114",Marinette County,715-757-3965,https://dnr.wisconsin.gov/topic/StateForests/govearl,Governor Earl Peshtigo River State Forest is located in northeastern Wisconsin in Marinette and Oconto counties. The forest headquarters is about 16 miles northwest of the village of Crivitz within Governor Thompson State Park.,The forest is open year-round 6 a.m. to 11 p.m.,"45.3481,-88.1994",Peshtigo-River-State-Forest,-1
Point Beach State Forest,FALSE,FALSE,TRUE,"Point Beach State Forest features 3,000 acres of land and 6 miles of sandy beach along the shores of Lake Michigan. Point Beach offers family campsites, two large group cabins and an outdoor group camp. A popular feature within the property is the Rawley Point Lighthouse, which has been operated and maintained by the U.S. Coast Guard since 1853.","9400 County Highway O
Two Rivers, WI 54241",Manitowoc County,920-794-7480,https://dnr.wisconsin.gov/topic/parks/pointbeach,"To get to Point Beach from Two Rivers, the nearest community, take County Highway O north about 4 miles; the entrance road will be on your right.",The forest is open year-round from 6 a.m. to 11 p.m.,"44.2113,-87.5102",Point-Beach-State-Forest,-1
Potawatomi State Park,TRUE,FALSE,FALSE,"Potawatomi State Park on the shore of Sturgeon Bay in southern Door County, has 1,200 acres of gently rolling upland terrain bordered by steep slopes and rugged limestone cliffs. The park is named in honor of the tribe that inhabited Green Bay’s shores and islands when Europeans first settled the area. The tribe called themselves Bo-De-Wad-Me which means ""keeper of the fire.""","3740 County Road PD
Sturgeon Bay, WI 54235",Door County,920-746-2890,https://dnr.wisconsin.gov/topic/parks/potawatomi,"From Milwaukee: Take Interstate 43 or US Highway 41 north to Green Bay. (If you take Highway 41, take it to the north side of Green Bay and exit on Interstate 43 south.) On the northeast side of Green Bay, exit from Interstate 43 onto State Highway 57 north and continue as directed below.",The park is open year-round from 6 a.m. to 11 p.m.,"44.8518,-87.4250",Potawatomi-State-Park,-1
Rib Mountain State Park,TRUE,FALSE,FALSE,"This billion-year-old hill is one of the oldest geological formations on earth. Rib Mountain State Park is a premier day-use property with picnicking, hiking trails and reservable facilities that include a scenic amphitheater, indoor gathering space and picnic shelters. The top of the park offers spectacular views of the Wausau area and Wisconsin River. Granite Peak Ski Area is on the north face of the mountain and offers downhill skiing and snowboarding.","149801 State Park Road
Wausau WI 54401",Marathon County,715-842-2522,https://dnr.wisconsin.gov/topic/parks/ribmt,Rib Mountain is off of US Highway 51 just southwest of Wausau.,The park is open year-round from 6 a.m. to 11 p.m.,"44.9205,-89.6831",Rib-Mountain-State-Park,-1
Richard Bong St. Rec. Area,FALSE,TRUE,FALSE,"Once designated to be a jet fighter base, Richard Bong State Recreation Area is named after Major Richard I. Bong, a Poplar, WI native who was America's leading air ace during World War II. The air base was abandoned three days before concrete was to be poured for a 12,500-foot runway. Local citizens had the foresight to protect this open space for future generations.","26313 Burlington Rd.
Kansasville, WI 53139",Racine County,262-878-5600,https://dnr.wisconsin.gov/topic/parks/richardbong,"Richard Bong State Recreation Area is 8 miles southeast of Burlington, Wisconsin, on State Highway 142. The entrance is a little less than a mile west of State Highway 75.",Richard Bong State Recreation Area is open year-round from 6 a.m. to 11 p.m.,"42.6340,-88.1272",Richard-Bong-St-Rec-Area,-1
Roche-A-Cri State Park,TRUE,FALSE,FALSE,"Roche-A-Cri State Park, established in 1948, protects a 300-foot-high rock outcropping and Native American petroglyphs and pictographs. The name ""Roche-A-Cri"" comes from French words meaning ""screaming rock."" The park offers camping, picnicking, fishing and hiking trails with a stairway to the top of the mound. Native American petroglyphs and a wayside exhibit can also be viewed.","1767 State Highway 13
Friendship, WI, 53934",Adams County,608-339-6881,https://dnr.wisconsin.gov/topic/parks/rocheacri,"The main entrance to the park is about 1.5 miles north of Friendship on State Highway 13, on the west side of the highway.",The park is open year-round from 6 a.m. to 11 p.m.,"44.0011,-89.8132",Roche-A-Cri-State-Park,-1
Rock Island State Park,TRUE,FALSE,FALSE,"Take the ferry Memorial Day weekend through Columbus Day to this primitive Lake Michigan island where no vehicles are allowed. This unique park features the Pottawatomie Lighthouse as well as stone buildings built by a wealthy inventor who owned the island between 1910 and 1964. Rock Island offers rustic, walk-in campsites, hiking trails, a swimming beach and miles of shoreline to explore.","1924 Indian Point Road
Washington Island WI 54246",Door County,920-847-2235,https://dnr.wisconsin.gov/topic/parks/rockisland,"Two ferry rides are needed to reach Rock Island State Park. Take Wisconsin Highway 42 to its end at Northport, the tip of the Door County Peninsula. Take the Washington Island Ferry to Washington Island. The ferry carries people, vehicles, bicycles and freight. From the Washington Island ferry landing, travel across the island to the northeast side to the Rock Island ferry landing. Leave your vehicle or bike there and take the passengers-only Rock Island Ferry to Rock Island.","Beginning Friday, May 28, 2021, the park will be open from 6 a.m. to 11 p.m. daily.

The Rock Island Ferry runs Memorial Day Weekend through Columbus Day.","45.4004,-86.8567",Rock-Island-State-Park,-1
Rocky Arbor State Park,TRUE,FALSE,FALSE,"Rocky Arbor State Park is just 1.5 miles from Wisconsin Dells, offering seclusion from the busy vacation community with wooded campsites, hiking trails and picnic and playground areas in a setting surrounded by pine trees and sandstone bluffs.","N101 US Hwy. 12 and 16
Wisconsin Dells, WI 53965",Adams County,608-254-8001,https://dnr.wisconsin.gov/topic/parks/rockyarbor,"Take Interstate I-90/94 to Wisconsin Dells, and take exit 85. Go south, approximately 1/2 mile, on Highway 12 to the entrance for Rocky Arbor.",The park is open year-round from 6 a.m. to 11 p.m.,"43.6408,-89.8024",Rocky-Arbor-State-Park,-1
Sauk Prairie St. Rec. Area,FALSE,TRUE,FALSE,"Sauk Prairie State Recreation Area was once designated as an army ammunition plant that operated during World War II, the Korean War and the Vietnam War. It was the largest munitions factory in the world during World War II. The plant was declared excess to the Army's needs and has since been transferred to the state and other owners for recreation, conservation and research.","US Hwy. 12
Baraboo, WI 53913",Sauk County,608-356-8301,https://dnr.wisconsin.gov/topic/parks/saukprairie,Sauk Prairie State Recreation Area is in south-central Wisconsin just south of Devil's Lake State Park. The entrance to the recreation area is directly off of US Highway 12 about 8 miles south of Baraboo and 9 miles north of Sauk City.,The property is open from 6 a.m. to 11 p.m. daily.,"43.3700,-89.7672",Sauk-Prairie-St-Rec-Area,-1
Straight Lake State Park,TRUE,FALSE,FALSE,"Lake views and glacial features provide great vistas on the trails within this 2,000-acre park. Ten walk-in campsites, carry-in boat launches, and a picnic area with reservable shelter are found on the south side of the park's two wild lakes. A premier segment of the Ice Age National Scenic Trail meanders through the park.","2700 120th St.
Luck, WI 54853",Polk County,715-483-3747,https://dnr.wisconsin.gov/topic/parks/straightlake,Straight Lake State Park is about 4.5 miles northeast of Luck.,The park is open year-round from 6 a.m. to 11 p.m.,"45.5987,-92.4064",Straight-Lake-State-Park,-1
Tower Hill State Park,TRUE,FALSE,FALSE,"Visitors can see how lead shot was made in the mid-1800s, hike bluff trails and enjoy river views at this park outside Spring Green. A picnic area and shelter, hiking trails, canoe landing on the Wisconsin River and a small campground are all available.","5808 County Road C
Spring Green, WI 53588",Sauk County,608-588-2116,https://dnr.wisconsin.gov/topic/parks/towerhill,Tower Rock State Park is located between Craig and Pelican Point. The east side of Tower Rock is visible from I-15 and can be accessed by using Exit 247 at Hardy Creek.,The park is open year-round from 6 a.m. to 11 p.m.,"43.1471,-90.0478",Tower-Hill-State-Park,-1
Turtle-Flambeau Scenic Waters Area,TRUE,FALSE,FALSE,"Undisturbed, wooded shorelines and islands offer the opportunity to boat, camp, fish and enjoy the outdoors in wild and rugged northern Wisconsin. Spread across 40,000 acres in Iron County, the Turtle-Flambeau Scenic Waters Area offers 66 remote campsites accessible by water only.","5291 N. Statehouse Circle
Mercer, WI 54547",Iron County,715-476-7846,https://dnr.wisconsin.gov/topic/lands/turtleflambeau,The Turtle-Flambeau Scenic Waters Area is located in southern Iron County in far northern Wisconsin. Access from the south is via either U.S. Highway 51 or State Highway 13; access points are off State Highway 182 on the south side of the property or County Highway FF to the north. The property office is located on Highway 51 at the DNR Ranger Station in Mercer.,The property is open from 6 a.m. to 11 p.m. year-round.,"46.0994,-90.1699",Turtle-Flambeau-Scenic-Waters-Area,-1
Whitefish Dunes State Park,TRUE,FALSE,FALSE,"Whitefish Dunes State Park protects the fragile dune environment on the eastern Door County Peninsula. At this day-use park, stroll along Lake Michigan or on one of the many trails throughout the huge sand dunes and forest. A nature center features year-round programs, exhibits and displays. The park's reservable picnic shelter overlooks Lake Michigan and is adjacent to the nature center, beach and hiking trails.","3275 Clark Lake Road
Sturgeon Bay WI 54235",Door County,920-823-2400,https://dnr.wisconsin.gov/topic/parks/whitefish,Please note there is no access to the park entrance from South Cave Point Dr. The entrance is located off Clark Lake Road.,The park is open year-round from 6 a.m. to 8 p.m. The main gate opens at 8 a.m.,"44.9284,-87.1820",Whitefish-Dunes-State-Park,-1
Wildcat Mountain State Park,TRUE,FALSE,FALSE,"Located on a ridge rising steeply above the Kickapoo River, Wildcat Mountain State Park offers camping for families, groups and horseback riders. Twenty-one miles of scenic hiking, nature and equestrian trails meander through the park. An observation point and picnic areas overlook the Kickapoo Valley. The Kickapoo River is popular for paddling and rentals are available in the village of Ontario.","E13660 State Highway 33, PO Box 99
Ontario WI 54651",Vernon County,608-337-4775,https://dnr.wisconsin.gov/topic/parks/wildcat,"From the north, take State Highway 131 south from Interstate Highway 94 near Tomah about 20 miles to Ontario.",The park is open year-round from 6 a.m. to 11 p.m.,"43.6976,-90.5740",Wildcat-Mountain-State-Park,-1
Willow River State Park,TRUE,FALSE,FALSE,"This popular park in northwest Wisconsin features spectacular views of Willow Falls and the Willow River Gorge. Prairie remnants, miles of scenic hiking trails, family and group campgrounds, lakeside picnic areas and a nature center are all found within 2,800 acres of rolling countryside. Visitors will also enjoy paddling, fishing and swimming opportunities on Little Falls Lake.","1034 County Highway A
Hudson, WI 54016",St. Croix County,715-386-5931,https://dnr.wisconsin.gov/topic/parks/willowriver,"From Hudson, take County Highway A about 5 miles. The park entrance will be on your left.",The park is open year-round from 6 a.m. to 11 p.m.,"45.0124,-92.6784",Willow-River-State-Park,-1
Wyalusing State Park,TRUE,FALSE,FALSE,"At Wyalusing State Park, camp 500 feet above the confluence of the Wisconsin and Mississippi rivers. One of Wisconsin's oldest state parks, Wyalusing features family and group campsites, hiking trails, a canoe trail, Native American burial mounds, bird watching, fishing, boating, bicycling and picnicking on bluff top overlooks. Wyalusing's overnight group lodge and dormitories can be reserved by contacting the property office.","13081 State Park Lane
Bagley WI 53801",Grant County,608-996-2261,https://dnr.wisconsin.gov/topic/parks/wyalusing,"From US Highway 18 and State Highway 35, turn west on County Highway C about just south of the Wisconsin River bridge. Follow Highway C to Highway X. Turn right on Highway X and go one mile to the park entrance. Directional signs are at each intersection.",The park is open year-round from 6 a.m. to 11 p.m.,"42.9778,-91.1139",Wyalusing-State-Park,-1
Yellowstone Lake State Park,TRUE,FALSE,FALSE,"One of a few lakes in southwestern Wisconsin, 450-acre Yellowstone Lake State Park is a popular year-round recreation area that offers visitors ample space to enjoy camping, swimming, fishing, boating, hiking, biking and picnicking. In winter the park is open to ice fishing, snowmobiling and cross-country skiing. A large family campground and group camp are just a short walk from the beach and boat landing.","8495 Lake Road
Blanchardville WI 53516",Iowa County,608-523-4427,https://dnr.wisconsin.gov/topic/parks/yellowstone,"If you are traveling from Madison, head west on Highway 18/151 west toward Dodgeville. Near Mount Horeb you will see the exit to State Highway 78. Exit onto 78 and head south to Blanchardville. When you reach Blanchardville, cross the Pecatonica River. At the top of the hill is County Highway F (right hand turn). Take County Highway F about 8 miles to Lake Road. There you will see a sign for Yellowstone Lake State Park. Turn left onto Lake Road. The park office is about one mile down the road on the right side.",Yellowstone Lake State Park is open year-round from 6 a.m. to 11 p.m.,"42.7710,-89.9857",Yellowstone-Lake-State-Park,-1